aqua	5.351
core/test_conventions.jl	5.233
core/test_derivative_routes.jl	2.003
core/test_distributions.jl	0.461
core/test_docs_crossrefs.jl	0.572
core/test_evaluation.jl	0.984
core/test_examples.jl	3.781
core/test_fetch_cache.jl	0.293
core/test_graph_kernel.jl	0.748
core/test_invariants.jl	4.364
core/test_selfconsistency.jl	241.781
core/test_types.jl	1.375
ext/test_derivative_routes_ad.jl	1.822
ext/test_forwarddiff.jl	3.428
ext/test_velocity_gauge_ad.jl	0.171
ext/test_zygote.jl	11.906
relations/test_bound_macro.jl	8.945
relations/test_cft.jl	1.59
relations/test_citations.jl	0.236
relations/test_derivation.jl	20.543
relations/test_derivation_routes.jl	27.963
relations/test_ensembles.jl	0.754
relations/test_entanglement.jl	21.955
relations/test_family_discovery.jl	2.163
relations/test_finite_size.jl	2.584
relations/test_fluctuation.jl	6.092
relations/test_fundamental.jl	4.776
relations/test_gap.jl	2.901
relations/test_group_slots.jl	20.164
relations/test_inequalities.jl	1.071
relations/test_interface.jl	9.266
relations/test_keldysh.jl	7.248
relations/test_maxwell.jl	0.379
relations/test_quantum.jl	6.194
relations/test_region_entropy.jl	6.594
relations/test_scaling.jl	35.712
relations/test_size_support.jl	0.073
relations/test_spectral.jl	11.616
relations/test_spectral_bag.jl	0.746
relations/test_statistics.jl	0.36
relations/test_thermodynamic.jl	1.269
relations/test_topology.jl	3.999
relations/test_transport.jl	1.372
relations/test_type_keyed.jl	14.899
relations/test_typed_derivation.jl	2.345
relations/test_universal_bounds.jl	20.553
relations/test_wick.jl	2.415
report/test_card.jl	0.626
structure/test_criticality.jl	0.909
structure/test_fourier.jl	0.41
structure/test_graph.jl	232.233
structure/test_nonlinear_processes.jl	5.802
structure/test_potentials.jl	1.646
structure/test_relevance.jl	1.143
structure/test_response.jl	0.638
structure/test_scaling_dimensions.jl	1.925
structure/test_spectral.jl	0.795
structure/test_tensor_symmetry.jl	0.721
structure/test_transitions.jl	0.252
structure/test_velocity_gauge.jl	0.482
